{"\u73af\u7403\u5ea6\u5047\u533a": [116.679099, 39.849152], "\u82b1\u5e84": [116.695495, 39.856722], "\u571f\u6865": [116.686349, 39.871926], "\u4e34\u6cb3\u91cc": [116.678811, 39.875496], "\u68a8\u56ed": [116.66872, 39.883677], "\u4e5d\u68f5\u6811": [116.657533, 39.890278], "\u679c\u56ed": [116.646621, 39.893329], "\u901a\u5dde\u5317\u82d1": [116.637252, 39.903864], "\u516b\u91cc\u6865": [116.618658, 39.906121], "\u7ba1\u5e84": [116.599002, 39.90909], "\u53cc\u6865": [116.576754, 39.910142], "\u4f20\u5a92\u5927\u5b66": [116.554639, 39.909215], "\u9ad8\u7891\u5e97": [116.531421, 39.909448], "\u56db\u60e0\u4e1c": [116.515664, 39.908495], "\u56db\u60e0": [116.495456, 39.908749], "\u5927\u671b\u8def": [116.475783, 39.908287], "\u56fd\u8d38": [116.459707, 39.908421], "\u6c38\u5b89\u91cc": [116.45033, 39.908472], "\u5efa\u56fd\u95e8": [116.434648, 39.908555], "\u4e1c\u5355": [116.420327, 39.908317], "\u738b\u5e9c\u4e95": [116.411571, 39.908069], "\u5929\u5b89\u95e8\u4e1c": [116.401216, 39.90778], "\u5929\u5b89\u95e8\u897f": [116.391278, 39.907472], "\u897f\u5355": [116.376225, 39.907194], "\u590d\u5174\u95e8": [116.357793, 39.907174], "\u5357\u793c\u58eb\u8def": [116.352583, 39.907234], "\u6728\u6a28\u5730": [116.337583, 39.907379], "\u519b\u4e8b\u535a\u7269\u9986": [116.323385, 39.907422], "\u516c\u4e3b\u575f": [116.31029, 39.907478], "\u4e07\u5bff\u8def": [116.294765, 39.907474], "\u4e94\u68f5\u677e": [116.273987, 39.907456], "\u7389\u6cc9\u8def": [116.252888, 39.907433], "\u516b\u5b9d\u5c71": [116.235739, 39.907441], "\u516b\u89d2\u6e38\u4e50\u56ed": [116.212858, 39.907442], "\u53e4\u57ce": [116.190337, 39.90745], "\u5df4\u6c9f": [116.293357, 39.974414], "\u82cf\u5dde\u8857": [116.306332, 39.975642], "\u6d77\u6dc0\u9ec4\u5e84": [116.317564, 39.975996], "\u77e5\u6625\u91cc": [116.328858, 39.976337], "\u77e5\u6625\u8def": [116.341372, 39.976473], "\u897f\u571f\u57ce": [116.354314, 39.976372], "\u7261\u4e39\u56ed": [116.369619, 39.976388], "\u5065\u5fb7\u95e8": [116.381356, 39.976545], "\u5317\u571f\u57ce": [116.394193, 39.976953], "\u5b89\u8d1e\u95e8": [116.405954, 39.977005], "\u60e0\u65b0\u897f\u8857\u5357\u53e3": [116.417537, 39.977121], "\u828d\u836f\u5c45": [116.437516, 39.97709], "\u592a\u9633\u5bab": [116.447469, 39.972678], "\u4e09\u5143\u6865": [116.457152, 39.960747], "\u4eae\u9a6c\u6865": [116.462156, 39.949381], "\u519c\u4e1a\u5c55\u89c8\u9986": [116.462525, 39.941261], "\u56e2\u7ed3\u6e56": [116.461806, 39.933747], "\u547c\u5bb6\u697c": [116.461601, 39.923317], "\u91d1\u53f0\u5915\u7167": [116.461703, 39.916786], "\u53cc\u4e95": [116.461834, 39.893512], "\u52b2\u677e": [116.461422, 39.884467], "\u6f58\u5bb6\u56ed": [116.460926, 39.875387], "\u5341\u91cc\u6cb3": [116.458929, 39.86562], "\u5206\u949f\u5bfa": [116.453976, 39.852227], "\u6210\u5bff\u5bfa": [116.447635, 39.845874], "\u5b8b\u5bb6\u5e84": [116.428368, 39.845849], "\u77f3\u69b4\u5e84": [116.414103, 39.845905], "\u5927\u7ea2\u95e8": [116.399154, 39.845383], "\u89d2\u95e8\u4e1c": [116.385649, 39.845135], "\u89d2\u95e8\u897f": [116.371154, 39.84585], "\u8349\u6865": [116.351387, 39.845869], "\u7eaa\u5bb6\u5e99": [116.333381, 39.844433], "\u9996\u7ecf\u8d38": [116.320202, 39.844463], "\u4e30\u53f0\u7ad9": [116.304501, 39.850249], "\u6ce5\u6d3c": [116.304173, 39.858609], "\u897f\u5c40": [116.303817, 39.865877], "\u516d\u91cc\u6865": [116.302808, 39.880239], "\u83b2\u82b1\u6865": [116.310347, 39.897867], "\u897f\u9493\u9c7c\u53f0": [116.297901, 39.923359], "\u6148\u5bff\u5bfa": [116.295303, 39.933353], "\u8f66\u9053\u6c9f": [116.293818, 39.947923], "\u957f\u6625\u6865": [116.294255, 39.958527], "\u706b\u5668\u8425": [116.289058, 39.965938], "\u65b0\u9996\u94a2": [116.164863, 39.908918], "\u5317\u8f9b\u5b89": [116.164818, 39.915135], "\u91d1\u5b89\u6865": [116.161396, 39.922328], "\u6a21\u5f0f\u53e3": [116.156032, 39.93349], "\u897f\u76f4\u95e8": [116.353226, 39.94167], "\u5927\u949f\u5bfa": [116.345139, 39.966612], "\u4e94\u9053\u53e3": [116.337742, 39.992894], "\u4e0a\u5730": [116.320193, 40.033007], "\u6e05\u6cb3\u7ad9": [116.314797, 40.04109], "\u897f\u4e8c\u65d7": [116.306295, 40.053034], "\u9f99\u6cfd": [116.319429, 40.070882], "\u56de\u9f99\u89c2": [116.336116, 40.0708], "\u970d\u8425": [116.3608, 40.070567], "\u7acb\u6c34\u6865": [116.411181, 40.052836], "\u5317\u82d1": [116.434518, 40.042997], "\u671b\u4eac\u897f": [116.447359, 39.995084], "\u5149\u7199\u95e8": [116.431761, 39.968337], "\u67f3\u82b3": [116.432728, 39.958157], "\u4e1c\u76f4\u95e8": [116.435103, 39.942539], "\u5f20\u90ed\u5e84": [116.187193, 39.8581], "\u56ed\u535a\u56ed": [116.201643, 39.861328], "\u5927\u74e6\u7a91": [116.24048, 39.85947], "\u90ed\u5e84\u5b50": [116.253068, 39.864841], "\u5927\u4e95": [116.276061, 39.865226], "\u4e03\u91cc\u5e84": [116.29385, 39.866102], "\u4e1c\u7ba1\u5934": [116.321197, 39.86757], "\u4e3d\u6cfd\u5546\u52a1\u533a": [116.331268, 39.867718], "\u83dc\u6237\u8425": [116.342444, 39.867627], "\u897f\u94c1\u8425": [116.355953, 39.861358], "\u666f\u98ce\u95e8": [116.366033, 39.862631], "\u5317\u4eac\u5357\u7ad9": [116.378963, 39.865029], "\u6c38\u5b9a\u95e8\u5916": [116.399253, 39.867686], "\u666f\u6cf0": [116.411026, 39.86525], "\u84b2\u9ec4\u6986": [116.423087, 39.865584], "\u65b9\u5e84": [116.440244, 39.865864], "\u5317\u5de5\u5927\u897f\u95e8": [116.477282, 39.875294], "\u5e73\u4e50\u56ed": [116.477307, 39.885275], "\u4e5d\u9f99\u5c71": [116.477492, 39.893395], "\u91d1\u53f0\u8def": [116.478115, 39.923556], "\u671d\u9633\u516c\u56ed": [116.478291, 39.933492], "\u67a3\u8425": [116.474947, 39.944132], "\u4e1c\u98ce\u5317\u6865": [116.485919, 39.958375], "\u5c06\u53f0": [116.490213, 39.971026], "\u671b\u4eac\u5357": [116.48188, 39.98467], "\u961c\u901a": [116.471544, 39.991835], "\u671b\u4eac": [116.468213, 39.998876], "\u4e1c\u6e56\u6e20": [116.467415, 40.010566], "\u6765\u5e7f\u8425": [116.466999, 40.02043], "\u5584\u5404\u5e84": [116.478195, 40.02716], "\u4ff8\u4f2f": [116.684732, 40.132573], "\u987a\u4e49": [116.657023, 40.129994], "\u77f3\u95e8": [116.641117, 40.129802], "\u5357\u6cd5\u4fe1": [116.609535, 40.128478], "\u540e\u6c99\u5cea": [116.564211, 40.114127], "\u82b1\u68a8\u574e": [116.557593, 40.084436], "\u56fd\u5c55": [116.555127, 40.07003], "\u5b59\u6cb3": [116.5347, 40.045113], "\u9a6c\u6cc9\u8425": [116.50348, 40.033721], "\u5d14\u5404\u5e84": [116.492968, 40.022201], "\u671b\u4eac\u4e1c": [116.487105, 40.0032], "\u5173\u5e84": [116.430947, 40.001134], "\u5927\u5c6f\u8def\u4e1c": [116.418679, 40.003127], "\u5b89\u7acb\u8def": [116.407845, 40.002619], "\u5965\u6797\u5339\u514b\u516c\u56ed": [116.391758, 40.002207], "\u5317\u6c99\u6ee9": [116.368281, 40.001518], "\u516d\u9053\u53e3": [116.35267, 40.000958], "\u6e05\u534e\u4e1c\u8def\u897f\u53e3": [116.33953, 40.000673], "\u5b9b\u5e73\u57ce": [116.229571, 39.849056], "\u6d2a\u6cf0\u5e84": [116.249321, 39.848538], "\u6986\u6811\u5e84": [116.258964, 39.838742], "\u770b\u4e39": [116.272519, 39.83491], "\u5bcc\u4e30\u6865": [116.287023, 39.836228], "\u4e30\u53f0\u5357\u8def": [116.296595, 39.840752], "\u4e1c\u7ba1\u5934\u5357": [116.322956, 39.854323], "\u7ea2\u83b2\u5357\u8def": [116.336668, 39.877533], "\u8fbe\u5b98\u8425": [116.334822, 39.891036], "\u7389\u6e0a\u6f6d\u4e1c\u95e8": [116.334531, 39.913955], "\u7518\u5bb6\u53e3": [116.334546, 39.923168], "\u4e8c\u91cc\u6c9f": [116.333701, 39.93241], "\u56fd\u5bb6\u56fe\u4e66\u9986": [116.323612, 39.941863], "\u4e07\u5bff\u5bfa": [116.309904, 39.947773], "\u82cf\u5dde\u6865": [116.307831, 39.962314], "\u4e07\u6cc9\u6cb3\u6865": [116.299028, 39.985247], "\u897f\u82d1": [116.292094, 39.999626], "\u519c\u5927\u5357\u8def": [116.282316, 40.021352], "\u9a6c\u8fde\u6d3c": [116.27252, 40.032637], "\u897f\u5317\u65fa": [116.257923, 40.048703], "\u6c38\u4e30\u5357": [116.248154, 40.065575], "\u6c38\u4e30": [116.238481, 40.071868], "\u5c6f\u4f43": [116.21585, 40.068454], "\u7a3b\u9999\u6e56\u8def": [116.188145, 40.068936], "\u6e29\u9633\u8def": [116.161361, 40.068516],